[
{
    "model": "auth.group",
    "fields": {
        "name": "Resident",
        "permissions": [
            [
                "change_answersurvey",
                "apartment",
                "answersurvey"
            ],
            [
                "delete_answersurvey",
                "apartment",
                "answersurvey"
            ],
            [
                "view_answersurvey",
                "apartment",
                "answersurvey"
            ],
            [
                "add_complaint",
                "apartment",
                "complaint"
            ],
            [
                "change_complaint",
                "apartment",
                "complaint"
            ],
            [
                "delete_complaint",
                "apartment",
                "complaint"
            ],
            [
                "view_complaint",
                "apartment",
                "complaint"
            ],
            [
                "view_notification",
                "apartment",
                "notification"
            ],
            [
                "view_package",
                "apartment",
                "package"
            ],
            [
                "view_payment",
                "apartment",
                "payment"
            ],
            [
                "view_questionsurvey",
                "apartment",
                "questionsurvey"
            ],
            [
                "view_receipt",
                "apartment",
                "receipt"
            ],
            [
                "view_room",
                "apartment",
                "room"
            ],
            [
                "add_securitycard",
                "apartment",
                "securitycard"
            ],
            [
                "change_securitycard",
                "apartment",
                "securitycard"
            ],
            [
                "delete_securitycard",
                "apartment",
                "securitycard"
            ],
            [
                "view_securitycard",
                "apartment",
                "securitycard"
            ],
            [
                "view_survey",
                "apartment",
                "survey"
            ]
        ]
    }
},
{
    "model": "auth.group",
    "fields": {
        "name": "Admin",
        "permissions": []
    }
},

{
    "model": "apartment.user",
    "fields": {
        "password": "pbkdf2_sha256$720000$vR2rrF3i9jTjAklgCayOjQ$GDVEvMcM4ha+QOM89RDksPMSgRcGzzKcH9rtJhTxmz4=",
        "last_login": "2024-05-16T07:42:54.459Z",
        "is_superuser": true,
        "username": "admin",
        "first_name": "",
        "last_name": "",
        "email": "admin@gmail.com",
        "is_staff": true,
        "is_active": true,
        "date_joined": "2024-04-19T02:13:59.283Z",
        "groups": [
            [
                "Admin"
            ]
        ],
        "user_permissions": []
    }
},
{
    "model": "apartment.user",
    "fields": {
        "password": "pbkdf2_sha256$720000$Di7Zup8R2hJfuYH0MnMzAa$dOx0vWhT9KCsdVEGf9ArQ7Ym8iygAK63y0GxOmWEf/M=",
        "last_login": null,
        "is_superuser": false,
        "username": "resident1",
        "first_name": "Cư Dân",
        "last_name": "Số 1",
        "email": "resident1@gmail.com",
        "is_staff": false,
        "is_active": true,
        "date_joined": "2024-04-19T03:56:00Z",
        "groups": [
            [
                "Resident"
            ]
        ],
        "user_permissions": []
    }
},
{
    "model": "apartment.user",
    "fields": {
        "password": "pbkdf2_sha256$720000$a6KEAYnGQNwG9gqTSZPYbC$PPRaICY7khZPsr+1dm0/ixw0lqsdapWQEQzd/zsT3N0=",
        "last_login": null,
        "is_superuser": false,
        "username": "resident2",
        "first_name": "Cư Dân",
        "last_name": "Số 2",
        "email": "resident2@gmail.com",
        "is_staff": false,
        "is_active": true,
        "date_joined": "2024-04-19T03:58:58Z",
        "groups": [
            [
                "Resident"
            ]
        ],
        "user_permissions": []
    }
},
{
    "model": "apartment.user",
    "fields": {
        "password": "pbkdf2_sha256$720000$YskPpZFrGmd90Lbt4Teh5f$wqhqnzQsOMhA3kUsaRP5Ja7hKfM6jS0OHX2SGBnkIqI=",
        "last_login": null,
        "is_superuser": false,
        "username": "resident3",
        "first_name": "Cư Dân",
        "last_name": "Số 3",
        "email": "resident3@gmail.com",
        "is_staff": false,
        "is_active": true,
        "date_joined": "2024-04-19T03:59:59Z",
        "groups": [
            [
                "Resident"
            ]
        ],
        "user_permissions": []
    }
},
{
    "model": "apartment.user",
    "fields": {
        "password": "pbkdf2_sha256$720000$Cw4TJSX2p5KjwWpb0K9gQv$D/4PCtFe/Dw+T8zHkGmXAwFu9U8hyRyniofGnxaAJbM=",
        "last_login": null,
        "is_superuser": false,
        "username": "resident4",
        "first_name": "Cư Dân",
        "last_name": "Số 4",
        "email": "resident4@gmail.com",
        "is_staff": false,
        "is_active": true,
        "date_joined": "2024-04-19T04:00:33Z",
        "groups": [
            [
                "Resident"
            ]
        ],
        "user_permissions": []
    }
},
{
    "model": "apartment.user",
    "fields": {
        "password": "pbkdf2_sha256$720000$p28aS0qQLSK2nvojMdLS2b$VXs2Csmy7tLNS301be6oqp27/KKtwY71src53DpM9jI=",
        "last_login": null,
        "is_superuser": false,
        "username": "resident5",
        "first_name": "Cư Dân",
        "last_name": "Số 5",
        "email": "resident5@gmail.com",
        "is_staff": false,
        "is_active": true,
        "date_joined": "2024-04-19T04:01:02Z",
        "groups": [
            [
                "Resident"
            ]
        ],
        "user_permissions": []
    }
},
{
    "model": "apartment.user",
    "fields": {
        "password": "pbkdf2_sha256$720000$wx293Y4ws4F38GRQAjXVfQ$Q1hbXq0JzW7jvADwgmJAoPP/5POiowAzXvwdmbir9hE=",
        "last_login": null,
        "is_superuser": false,
        "username": "resident6",
        "first_name": "Cư Dân",
        "last_name": "Số 6",
        "email": "resident6@gmail.com",
        "is_staff": false,
        "is_active": true,
        "date_joined": "2024-04-19T04:01:33Z",
        "groups": [
            [
                "Resident"
            ]
        ],
        "user_permissions": []
    }
},
{
    "model": "apartment.user",
    "fields": {
        "password": "pbkdf2_sha256$720000$4Hps2nNBZIctFp4H6HJu07$iWHJnQ5XktPL9l9SqHBW3t8j9iwK/5Lw6VKtabbInPo=",
        "last_login": null,
        "is_superuser": false,
        "username": "resident7",
        "first_name": "Cư Dân",
        "last_name": "Số 7",
        "email": "resident7@gmail.com",
        "is_staff": false,
        "is_active": true,
        "date_joined": "2024-04-19T04:01:56Z",
        "groups": [
            [
                "Resident"
            ]
        ],
        "user_permissions": []
    }
},
{
    "model": "apartment.user",
    "fields": {
        "password": "pbkdf2_sha256$720000$tJVaKOmyqqSUotdyICN0YU$Qken/X0KYZMGQSTGr/9+GnuimL5agmwtO04z6ozU+hU=",
        "last_login": null,
        "is_superuser": false,
        "username": "resident8",
        "first_name": "test",
        "last_name": "Số 8",
        "email": "resident8@gmail.com",
        "is_staff": false,
        "is_active": true,
        "date_joined": "2024-04-19T04:02:28Z",
        "groups": [
            [
                "Resident"
            ]
        ],
        "user_permissions": []
    }
},
{
    "model": "apartment.user",
    "fields": {
        "password": "pbkdf2_sha256$720000$i3Abca1Np5B0XWPdJUbDYw$oZYw/04amd/p0Tg9wF3UJeB7CItvbGseJjm6ld6/pq8=",
        "last_login": null,
        "is_superuser": false,
        "username": "resident9",
        "first_name": "Cư Dân",
        "last_name": "Số 9",
        "email": "resident9@gmail.com",
        "is_staff": false,
        "is_active": true,
        "date_joined": "2024-04-19T04:03:44Z",
        "groups": [
            [
                "Resident"
            ]
        ],
        "user_permissions": []
    }
},

{
    "model": "apartment.room",
    "pk": 1,
    "fields": {
        "name": "Căn hộ gia đình 1",
        "created_date": "2024-04-19T02:33:39.365Z",
        "updated_date": "2024-04-21T12:44:01.410Z",
        "number": "A501",
        "description": "3 phòng ngủ, 2 toilet, 1 phòng khách, full nội thất",
        "image": "image/upload/v1713493899/san2zbbjcysab4cgxlca.jpg",
        "square": "72.00",
        "is_empty": false
    }
},
{
    "model": "apartment.room",
    "pk": 2,
    "fields": {
        "name": "Căn hộ gia đình 2",
        "created_date": "2024-04-19T02:35:31.759Z",
        "updated_date": "2024-04-21T12:44:01.427Z",
        "number": "A502",
        "description": "3 phòng ngủ, 2 toilet, 1 phòng khách, nội thất cơ bản",
        "image": "image/upload/v1713494009/bf2w4krspox0l8vxjpbc.jpg",
        "square": "72.00",
        "is_empty": false
    }
},
{
    "model": "apartment.room",
    "pk": 3,
    "fields": {
        "name": "Căn hộ gia đình 3",
        "created_date": "2024-04-19T02:37:20.365Z",
        "updated_date": "2024-04-21T12:44:01.439Z",
        "number": "A601",
        "description": "4 phòng ngủ, 4 toilet, 1 phòng khách, full nội thất",
        "image": "image/upload/v1713494117/onvelxdjnpxjt0nms68e.jpg",
        "square": "160.00",
        "is_empty": false
    }
},
{
    "model": "apartment.room",
    "pk": 4,
    "fields": {
        "name": "Căn hộ gia đình 4",
        "created_date": "2024-04-19T02:39:22.676Z",
        "updated_date": "2024-04-19T02:39:22.676Z",
        "number": "A503",
        "description": "1 phòng ngủ, 1 toilet, ban công rộng, nội thất cơ bản",
        "image": "image/upload/v1713494240/lxrfi2abg6hz2qhxth5y.jpg",
        "square": "53.00",
        "is_empty": true
    }
},
{
    "model": "apartment.room",
    "pk": 5,
    "fields": {
        "name": "Căn hộ gia đình 5",
        "created_date": "2024-04-19T02:40:37.793Z",
        "updated_date": "2024-04-19T02:40:37.793Z",
        "number": "A602",
        "description": "3 phòng ngủ, 2 toilet, có bồn tắm, phòng master",
        "image": "image/upload/v1713494315/scefrioacj4wxposs8rz.jpg",
        "square": "129.00",
        "is_empty": true
    }
},
{
    "model": "apartment.room",
    "pk": 6,
    "fields": {
        "name": "Căn hộ gia đình 6",
        "created_date": "2024-04-19T02:42:43.801Z",
        "updated_date": "2024-04-19T02:42:43.802Z",
        "number": "A504",
        "description": "2 phòng ngủ, 2 toilet, 1 bếp, full nội thất",
        "image": "image/upload/v1713494441/zz5k1nojhriuh1kqkmet.jpg",
        "square": "78.00",
        "is_empty": true
    }
},
{
    "model": "apartment.room",
    "pk": 7,
    "fields": {
        "name": "Căn hộ gia đình 7",
        "created_date": "2024-04-19T02:44:36.936Z",
        "updated_date": "2024-04-19T02:44:36.936Z",
        "number": "A505",
        "description": "2 phòng ngủ, 2 toilet, 1 bếp, full nội thất",
        "image": "image/upload/v1713494554/qk3cdvvex23svgrsmcfm.jpg",
        "square": "85.00",
        "is_empty": true
    }
},
{
    "model": "apartment.room",
    "pk": 8,
    "fields": {
        "name": "Căn hộ gia đình 8",
        "created_date": "2024-04-19T02:46:07.723Z",
        "updated_date": "2024-04-19T02:46:07.723Z",
        "number": "A603",
        "description": "1 phòng ngủ, 1 toilet, 1 bếp, full nội thất",
        "image": "image/upload/v1713494645/plltwesdurpyefsxcrc3.jpg",
        "square": "80.00",
        "is_empty": true
    }
},
{
    "model": "apartment.room",
    "pk": 9,
    "fields": {
        "name": "Căn hộ gia đình 9",
        "created_date": "2024-04-19T02:47:11.395Z",
        "updated_date": "2024-04-19T02:47:11.395Z",
        "number": "A605",
        "description": "4 phòng ngủ, 4 toilet, 1 phòng khách, full nội thất",
        "image": "image/upload/v1713494708/vluyhjxnxheac8sb2rlu.jpg",
        "square": "157.00",
        "is_empty": true
    }
},
{
    "model": "apartment.room",
    "pk": 10,
    "fields": {
        "name": "Căn hộ gia đình 10",
        "created_date": "2024-04-19T02:49:01.563Z",
        "updated_date": "2024-04-19T02:49:01.563Z",
        "number": "A604",
        "description": "3 phòng ngủ, 3 toilet, 1 phòng khách, 1 bếp, full nội thất",
        "image": "image/upload/v1713494818/tzeqyypa97yzjaebge8v.jpg",
        "square": "100.00",
        "is_empty": true
    }
},
{
    "model": "apartment.room",
    "pk": 11,
    "fields": {
        "name": "Căn hộ Studio 1",
        "created_date": "2024-04-19T02:53:20.399Z",
        "updated_date": "2024-04-21T12:44:01.452Z",
        "number": "B301",
        "description": "1 phòng ngủ, 1 toilet, nội thất cơ bản",
        "image": "image/upload/v1713495078/qpptna2wuydsnher2jfo.jpg",
        "square": "30.10",
        "is_empty": false
    }
},
{
    "model": "apartment.room",
    "pk": 12,
    "fields": {
        "name": "Căn hộ Studio 2",
        "created_date": "2024-04-19T02:54:28.643Z",
        "updated_date": "2024-04-19T02:54:28.643Z",
        "number": "B401",
        "description": "1 phòng ngủ, 1 toilet, full nội thất",
        "image": "image/upload/v1713495146/cd0w56isctqbg8eshitq.jpg",
        "square": "38.00",
        "is_empty": true
    }
},
{
    "model": "apartment.room",
    "pk": 13,
    "fields": {
        "name": "Căn hộ Studio 3",
        "created_date": "2024-04-19T02:55:58.774Z",
        "updated_date": "2024-04-19T02:55:58.774Z",
        "number": "A301",
        "description": "1 phòng ngủ, 1 toilet, nội thất cơ bản",
        "image": "image/upload/v1713495236/ytq96adr1ipdp89cvbsv.jpg",
        "square": "36.80",
        "is_empty": true
    }
},
{
    "model": "apartment.room",
    "pk": 14,
    "fields": {
        "name": "Căn hộ Studio 4",
        "created_date": "2024-04-19T02:58:08.421Z",
        "updated_date": "2024-04-21T12:44:01.462Z",
        "number": "A401",
        "description": "1 phòng ngủ, 1 toilet, full nội thất",
        "image": "image/upload/v1713495366/jfskhhsv7popsegxcfcf.jpg",
        "square": "50.00",
        "is_empty": false
    }
},
{
    "model": "apartment.room",
    "pk": 15,
    "fields": {
        "name": "Căn hộ Studio 5",
        "created_date": "2024-04-19T02:59:31.903Z",
        "updated_date": "2024-04-19T02:59:31.903Z",
        "number": "C301",
        "description": "1 phòng ngủ, 1 toilet, full nội thất",
        "image": "image/upload/v1713495449/wnd4xbiwxyq7pg6lf40a.jpg",
        "square": "36.00",
        "is_empty": true
    }
},
{
    "model": "apartment.room",
    "pk": 16,
    "fields": {
        "name": "Căn hộ Studio 6",
        "created_date": "2024-04-19T03:00:14.490Z",
        "updated_date": "2024-04-19T03:00:14.490Z",
        "number": "C401",
        "description": "1 phòng ngủ, 1 toilet, nội thất cơ bản",
        "image": "image/upload/v1713495491/z7q2ff2ufwqvh4cy2kfh.jpg",
        "square": "47.44",
        "is_empty": true
    }
},
{
    "model": "apartment.room",
    "pk": 17,
    "fields": {
        "name": "Căn hộ Studio 7",
        "created_date": "2024-04-19T03:00:57.874Z",
        "updated_date": "2024-04-19T03:00:57.874Z",
        "number": "D301",
        "description": "1 phòng ngủ, 1 toilet, full nội thất",
        "image": "image/upload/v1713495535/k6sidmslewtfoobq7vpu.jpg",
        "square": "49.00",
        "is_empty": true
    }
},
{
    "model": "apartment.room",
    "pk": 18,
    "fields": {
        "name": "Căn hộ Studio 8",
        "created_date": "2024-04-19T03:02:08.040Z",
        "updated_date": "2024-04-19T03:02:08.040Z",
        "number": "D401",
        "description": "1 phòng ngủ, 1 toilet, không nội thất",
        "image": "image/upload/v1713495605/jbxgnwsz3whga6jxohmb.jpg",
        "square": "27.00",
        "is_empty": true
    }
},
{
    "model": "apartment.room",
    "pk": 19,
    "fields": {
        "name": "Shophouse 1",
        "created_date": "2024-04-19T03:05:00.069Z",
        "updated_date": "2024-04-21T12:44:01.476Z",
        "number": "A001",
        "description": "Shop Rainbow, nội khu, hoàn thiện",
        "image": "image/upload/v1713497535/p9qr36wwblzx5wrxrpob.png",
        "square": "98.00",
        "is_empty": false
    }
},
{
    "model": "apartment.room",
    "pk": 20,
    "fields": {
        "name": "Shophouse 2",
        "created_date": "2024-04-19T03:07:12.844Z",
        "updated_date": "2024-04-19T03:35:57.975Z",
        "number": "B002",
        "description": "Nội thô, Mặt sảnh",
        "image": "image/upload/v1713495910/hrgipno0u2d5blvjzsjz.jpg",
        "square": "64.61",
        "is_empty": true
    }
},
{
    "model": "apartment.room",
    "pk": 21,
    "fields": {
        "name": "Shophouse 3",
        "created_date": "2024-04-19T03:09:51.608Z",
        "updated_date": "2024-04-19T03:35:43.890Z",
        "number": "C001",
        "description": "Nội khu, nhà thô",
        "image": "image/upload/v1713497621/riuvntayoilr0tzecsve.jpg",
        "square": "90.00",
        "is_empty": true
    }
},
{
    "model": "apartment.room",
    "pk": 22,
    "fields": {
        "name": "Shophouse 4",
        "created_date": "2024-04-19T03:11:00.435Z",
        "updated_date": "2024-04-19T03:33:10.890Z",
        "number": "D001",
        "description": "Hoàn thiện, mặt sảnh",
        "image": "image/upload/v1713497468/odt2dpxodutogwy79rqs.jpg",
        "square": "59.60",
        "is_empty": true
    }
},
{
    "model": "apartment.room",
    "pk": 23,
    "fields": {
        "name": "Căn hộ OT 1",
        "created_date": "2024-04-19T03:13:06.253Z",
        "updated_date": "2024-04-19T03:13:06.253Z",
        "number": "A101",
        "description": "Không nội thất, hoàn thiện cơ bản",
        "image": "image/upload/v1713496263/izvqt9kzrozzc5llbmw7.jpg",
        "square": "115.00",
        "is_empty": true
    }
},
{
    "model": "apartment.room",
    "pk": 25,
    "fields": {
        "name": "Căn hộ OT 2",
        "created_date": "2024-04-19T03:14:47.268Z",
        "updated_date": "2024-04-21T12:44:01.487Z",
        "number": "B101",
        "description": "Nội thất cơ bản, hoàn thiện cơ bản",
        "image": "image/upload/v1713496364/pi1ofujqcttufvxsvhoq.jpg",
        "square": "150.28",
        "is_empty": false
    }
},
{
    "model": "apartment.room",
    "pk": 26,
    "fields": {
        "name": "Căn hộ OT 3",
        "created_date": "2024-04-19T03:16:02.356Z",
        "updated_date": "2024-04-19T03:16:02.356Z",
        "number": "C101",
        "description": "Hoàn thiện, full nội thất",
        "image": "image/upload/v1713496439/trrvbmczd0xubgpjj15m.jpg",
        "square": "125.75",
        "is_empty": true
    }
},
{
    "model": "apartment.room",
    "pk": 27,
    "fields": {
        "name": "Căn hộ OT 4",
        "created_date": "2024-04-19T03:17:07.492Z",
        "updated_date": "2024-04-21T12:44:01.513Z",
        "number": "D101",
        "description": "Nội thất cơ bản",
        "image": "image/upload/v1713496504/b0nvemshas5jstimiuyi.jpg",
        "square": "50.00",
        "is_empty": false
    }
},
{
    "model": "apartment.room",
    "pk": 28,
    "fields": {
        "name": "Căn hộ cao cấp 1",
        "created_date": "2024-04-19T03:19:57.729Z",
        "updated_date": "2024-04-21T12:44:01.499Z",
        "number": "A201",
        "description": "2 phòng ngủ, 2 toilet, 1 phòng khách, full nội thất",
        "image": "image/upload/v1713498270/huy1ucsvckl5rz99ir79.jpg",
        "square": "90.00",
        "is_empty": false
    }
},
{
    "model": "apartment.room",
    "pk": 29,
    "fields": {
        "name": "Căn hộ cao cấp 2",
        "created_date": "2024-04-19T03:50:03.383Z",
        "updated_date": "2024-04-19T03:50:03.383Z",
        "number": "B201",
        "description": "2 phòng ngủ, 2 toilet, 1 bếp, full nội thất",
        "image": "image/upload/v1713498481/d04es0yeqfqsxzfjmilr.jpg",
        "square": "56.20",
        "is_empty": true
    }
},
{
    "model": "apartment.room",
    "pk": 30,
    "fields": {
        "name": "Căn hộ cao cấp 3",
        "created_date": "2024-04-19T03:50:54.178Z",
        "updated_date": "2024-04-19T03:50:54.178Z",
        "number": "C201",
        "description": "2 phòng ngủ, 2 toilet, 1 bếp, full nội thất",
        "image": "image/upload/v1713498531/aamodtaf0razzsvmqaem.jpg",
        "square": "72.50",
        "is_empty": true
    }
},

{
    "model": "apartment.resident",
    "fields": {
        "user_ptr": [
            "resident1"
        ],
        "room": 1,
        "phone": "0123456789",
        "birthday": "1990-02-02",
        "gender": "male",
        "avatar": "image/upload/v1713498839/regvcw9ph5vv5gmhmzf8.jpg",
        "answered_surveys": [
            1,
            2,
            3,
            4
        ]
    }
},
{
    "model": "apartment.resident",
    "fields": {
        "user_ptr": [
            "resident2"
        ],
        "room": 2,
        "phone": "0234567890",
        "birthday": "1989-01-01",
        "gender": "female",
        "avatar": "image/upload/v1713498839/regvcw9ph5vv5gmhmzf8.jpg",
        "answered_surveys": [
            1,
            2,
            3,
            4
        ]
    }
},
{
    "model": "apartment.resident",
    "fields": {
        "user_ptr": [
            "resident3"
        ],
        "room": 3,
        "phone": "0345678901",
        "birthday": "1988-03-03",
        "gender": "male",
        "avatar": "image/upload/v1713498839/regvcw9ph5vv5gmhmzf8.jpg",
        "answered_surveys": [
            1,
            2,
            3
        ]
    }
},
{
    "model": "apartment.resident",
    "fields": {
        "user_ptr": [
            "resident4"
        ],
        "room": 11,
        "phone": "0456789012",
        "birthday": "1987-04-04",
        "gender": "female",
        "avatar": "image/upload/v1713498839/regvcw9ph5vv5gmhmzf8.jpg",
        "answered_surveys": []
    }
},
{
    "model": "apartment.resident",
    "fields": {
        "user_ptr": [
            "resident5"
        ],
        "room": 14,
        "phone": "0567890123",
        "birthday": "1991-05-05",
        "gender": "male",
        "avatar": "image/upload/v1713498839/regvcw9ph5vv5gmhmzf8.jpg",
        "answered_surveys": []
    }
},
{
    "model": "apartment.resident",
    "fields": {
        "user_ptr": [
            "resident6"
        ],
        "room": 19,
        "phone": "0678901234",
        "birthday": "1992-06-06",
        "gender": "female",
        "avatar": "image/upload/v1713498839/regvcw9ph5vv5gmhmzf8.jpg",
        "answered_surveys": []
    }
},
{
    "model": "apartment.resident",
    "fields": {
        "user_ptr": [
            "resident7"
        ],
        "room": 25,
        "phone": "0789012345",
        "birthday": "1986-06-06",
        "gender": "male",
        "avatar": "image/upload/v1713498839/regvcw9ph5vv5gmhmzf8.jpg",
        "answered_surveys": []
    }
},
{
    "model": "apartment.resident",
    "fields": {
        "user_ptr": [
            "resident8"
        ],
        "room": 28,
        "phone": "0890123456",
        "birthday": "1993-07-07",
        "gender": "female",
        "avatar": "image/upload/v1713498839/regvcw9ph5vv5gmhmzf8.jpg",
        "answered_surveys": []
    }
},
{
    "model": "apartment.resident",
    "fields": {
        "user_ptr": [
            "resident9"
        ],
        "room": 27,
        "phone": "0901234567",
        "birthday": "1989-08-08",
        "gender": "male",
        "avatar": "image/upload/v1713498839/regvcw9ph5vv5gmhmzf8.jpg",
        "answered_surveys": []
    }
},

{
    "model": "apartment.payment",
    "pk": 1,
    "fields": {
        "name": "Tiền điện T4/2024",
        "created_date": "2024-04-19T04:07:00.777Z",
        "updated_date": "2024-04-19T04:24:35.087Z",
        "active": false,
        "resident": [
            "resident1"
        ],
        "amount": "1234567"
    }
},
{
    "model": "apartment.payment",
    "pk": 2,
    "fields": {
        "name": "Tiền nước T4/2024",
        "created_date": "2024-04-19T04:07:22.908Z",
        "updated_date": "2024-04-19T04:07:22.908Z",
        "active": false,
        "resident": [
            "resident2"
        ],
        "amount": "333222"
    }
},
{
    "model": "apartment.payment",
    "pk": 3,
    "fields": {
        "name": "Tiền Internet T4/2024",
        "created_date": "2024-04-19T04:07:53.700Z",
        "updated_date": "2024-04-19T04:24:22.033Z",
        "active": false,
        "resident": [
            "resident3"
        ],
        "amount": "320000"
    }
},
{
    "model": "apartment.payment",
    "pk": 4,
    "fields": {
        "name": "Phí dịch vụ T4/2024",
        "created_date": "2024-04-19T04:09:03.809Z",
        "updated_date": "2024-04-19T04:24:53.008Z",
        "active": false,
        "resident": [
            "resident5"
        ],
        "amount": "1000000"
    }
},
{
    "model": "apartment.payment",
    "pk": 5,
    "fields": {
        "name": "Phí an ninh T4/2024",
        "created_date": "2024-04-19T04:09:18.943Z",
        "updated_date": "2024-04-19T04:09:18.943Z",
        "active": false,
        "resident": [
            "resident6"
        ],
        "amount": "500000"
    }
},
{
    "model": "apartment.payment",
    "pk": 6,
    "fields": {
        "name": "Phí vệ sinh T4/2024",
        "created_date": "2024-04-19T04:09:41.631Z",
        "updated_date": "2024-04-19T04:09:41.631Z",
        "active": true,
        "resident": [
            "resident4"
        ],
        "amount": "150000"
    }
},
{
    "model": "apartment.payment",
    "pk": 7,
    "fields": {
        "name": "Phí bảo dưỡng T4/2024",
        "created_date": "2024-04-19T04:10:09.079Z",
        "updated_date": "2024-04-19T04:10:09.079Z",
        "active": true,
        "resident": [
            "resident7"
        ],
        "amount": "650234"
    }
},
{
    "model": "apartment.payment",
    "pk": 8,
    "fields": {
        "name": "Tiền đền bù thiệt hại",
        "created_date": "2024-04-19T04:13:24.619Z",
        "updated_date": "2024-04-19T04:13:24.619Z",
        "active": false,
        "resident": [
            "resident9"
        ],
        "amount": "1200000"
    }
},
{
    "model": "apartment.payment",
    "pk": 9,
    "fields": {
        "name": "Tiền nước T4/2024",
        "created_date": "2024-04-19T13:20:27.978Z",
        "updated_date": "2024-04-19T13:20:27.978Z",
        "active": true,
        "resident": [
            "resident1"
        ],
        "amount": "200000"
    }
},

{
    "model": "apartment.receipt",
    "pk": 1,
    "fields": {
        "name": "Hóa đơn Tiền điện T4/2024",
        "created_date": "2024-06-12T11:48:21.612Z",
        "updated_date": "2024-06-12T11:48:21.612Z",
        "order_id": "MOMO18372334803816163615",
        "pay_type": "momo",
        "amount": 1234567,
        "payment": 1,
        "resident": [
            "resident1"
        ]
    }
},
{
    "model": "apartment.receipt",
    "pk": 2,
    "fields": {
        "name": "Hóa đơn Tiền Internet T4/2024",
        "created_date": "2024-06-12T11:50:14.070Z",
        "updated_date": "2024-06-12T11:50:14.070Z",
        "order_id": "MOMO345563150496050007665",
        "pay_type": "momo",
        "amount": 320000,
        "payment": 3,
        "resident": [
            "resident3"
        ]
    }
},
{
    "model": "apartment.receipt",
    "pk": 3,
    "fields": {
        "name": "Hóa đơn Phí an ninh T4/2024",
        "created_date": "2024-06-12T11:51:46.166Z",
        "updated_date": "2024-06-12T11:51:46.166Z",
        "order_id": "MOMO471786474461052258737029",
        "pay_type": "momo",
        "amount": 500000,
        "payment": 5,
        "resident": [
            "resident6"
        ]
    }
},
{
    "model": "apartment.receipt",
    "pk": 4,
    "fields": {
        "name": "Hóa đơn Tiền nước T4/2024",
        "created_date": "2024-06-12T11:52:53.504Z",
        "updated_date": "2024-06-12T11:52:53.504Z",
        "order_id": "VNP2108279844159630819690",
        "pay_type": "vnpay",
        "amount": 333223,
        "payment": 2,
        "resident": [
            "resident2"
        ]
    }
},
{
    "model": "apartment.receipt",
    "pk": 5,
    "fields": {
        "name": "Hóa đơn Phí dịch vụ T4/2024",
        "created_date": "2024-06-12T11:55:11.942Z",
        "updated_date": "2024-06-12T11:55:11.942Z",
        "order_id": "VNP192252412980684022",
        "pay_type": "vnpay",
        "amount": 1000000,
        "payment": 4,
        "resident": [
            "resident5"
        ]
    }
},
{
    "model": "apartment.receipt",
    "pk": 6,
    "fields": {
        "name": "Hóa đơn Tiền đền bù thiệt hại",
        "created_date": "2024-06-12T11:58:45.509Z",
        "updated_date": "2024-06-12T11:58:45.509Z",
        "order_id": "VNP734722249984455546",
        "pay_type": "vnpay",
        "amount": 1200000,
        "payment": 8,
        "resident": [
            "resident9"
        ]
    }
},


{
    "model": "apartment.securitycard",
    "pk": 1,
    "fields": {
        "name": "Thẻ giữ xe",
        "created_date": "2024-04-19T04:18:27.705Z",
        "updated_date": "2024-04-19T04:18:27.705Z",
        "active": true,
        "resident": [
            "resident8"
        ],
        "name_register": "Người thân cư dân 8",
        "vehicle_number": "88BC-89123",
        "type_vehicle": "bike"
    }
},
{
    "model": "apartment.securitycard",
    "pk": 2,
    "fields": {
        "name": "Thẻ giữ xe",
        "created_date": "2024-04-19T04:19:15.039Z",
        "updated_date": "2024-04-19T04:19:15.039Z",
        "active": true,
        "resident": [
            "resident3"
        ],
        "name_register": "Người thân cư dân 3",
        "vehicle_number": "33BC-34567",
        "type_vehicle": "motorbike"
    }
},
{
    "model": "apartment.securitycard",
    "pk": 3,
    "fields": {
        "name": "Thẻ giữ xe",
        "created_date": "2024-04-19T04:22:31.325Z",
        "updated_date": "2024-04-19T04:22:31.325Z",
        "active": true,
        "resident": [
            "resident7"
        ],
        "name_register": "Người thân cư dân 7",
        "vehicle_number": "77BC-789456",
        "type_vehicle": "car"
    }
},
{
    "model": "apartment.securitycard",
    "pk": 4,
    "fields": {
        "name": "Thẻ giữ xe",
        "created_date": "2024-04-19T04:23:03.110Z",
        "updated_date": "2024-05-16T14:42:30.019Z",
        "active": true,
        "resident": [
            "resident6"
        ],
        "name_register": "Người thân cư dân 6",
        "vehicle_number": "12B2-92138",
        "type_vehicle": "motorbike"
    }
},
{
    "model": "apartment.securitycard",
    "pk": 5,
    "fields": {
        "name": "Thẻ giữ xe",
        "created_date": "2024-05-16T14:39:53.023Z",
        "updated_date": "2024-05-16T14:39:53.023Z",
        "active": true,
        "resident": [
            "resident5"
        ],
        "name_register": "Người thân cư dân 5",
        "vehicle_number": "49L1-26318",
        "type_vehicle": "motorbike"
    }
},

{
    "model": "apartment.package",
    "pk": 1,
    "fields": {
        "name": "Đơn Shopee",
        "created_date": "2024-04-19T13:22:53.844Z",
        "updated_date": "2024-04-19T13:25:44.130Z",
        "active": true,
        "resident": [
            "resident1"
        ],
        "note": "Đồ dùng cá nhân",
        "image": "image/upload/v1713532852/eo0fsvrsmadbpdem49ja.jpg"
    }
},
{
    "model": "apartment.package",
    "pk": 2,
    "fields": {
        "name": "Đơn Lazada",
        "created_date": "2024-04-19T13:23:12.255Z",
        "updated_date": "2024-04-19T13:23:12.255Z",
        "active": true,
        "resident": [
            "resident2"
        ],
        "note": "Đồ dùng cá nhân",
        "image": "image/upload/v1713532869/nbddqcxcwtn4esgfiksr.jpg"
    }
},
{
    "model": "apartment.package",
    "pk": 3,
    "fields": {
        "name": "Đơn TiktokShop",
        "created_date": "2024-04-19T13:23:33.508Z",
        "updated_date": "2024-04-19T13:23:33.508Z",
        "active": true,
        "resident": [
            "resident3"
        ],
        "note": "Đồ dùng cá nhân",
        "image": "image/upload/v1713532852/eo0fsvrsmadbpdem49ja.jpg"
    }
},
{
    "model": "apartment.package",
    "pk": 4,
    "fields": {
        "name": "Đơn Tiki",
        "created_date": "2024-04-19T13:23:50.291Z",
        "updated_date": "2024-04-19T13:23:50.291Z",
        "active": true,
        "resident": [
            "resident4"
        ],
        "note": "Sách",
        "image": "image/upload/v1713532852/eo0fsvrsmadbpdem49ja.jpg"
    }
},
{
    "model": "apartment.package",
    "pk": 5,
    "fields": {
        "name": "Đơn Sendo",
        "created_date": "2024-04-19T13:24:02.461Z",
        "updated_date": "2024-04-19T13:26:07.620Z",
        "active": true,
        "resident": [
            "resident5"
        ],
        "note": "Quần áo",
        "image": "image/upload/v1713532852/eo0fsvrsmadbpdem49ja.jpg"
    }
},
{
    "model": "apartment.package",
    "pk": 6,
    "fields": {
        "name": "Đơn ChoTot",
        "created_date": "2024-04-19T13:24:16.129Z",
        "updated_date": "2024-05-16T14:59:55.634Z",
        "active": true,
        "resident": [
            "resident6"
        ],
        "note": "Quần áo",
        "image": "image/upload/v1713532852/eo0fsvrsmadbpdem49ja.jpg"
    }
},
{
    "model": "apartment.package",
    "pk": 7,
    "fields": {
        "name": "Đơn Ahamove",
        "created_date": "2024-04-19T13:24:29.851Z",
        "updated_date": "2024-04-19T13:24:29.851Z",
        "active": true,
        "resident": [
            "resident7"
        ],
        "note": "Quần áo",
        "image": "image/upload/v1713532852/eo0fsvrsmadbpdem49ja.jpg"
    }
},
{
    "model": "apartment.package",
    "pk": 8,
    "fields": {
        "name": "Đơn GHTK",
        "created_date": "2024-04-19T13:24:38.393Z",
        "updated_date": "2024-04-19T13:24:38.393Z",
        "active": true,
        "resident": [
            "resident8"
        ],
        "note": "Quần áo",
        "image": "image/upload/v1713532852/eo0fsvrsmadbpdem49ja.jpg"
    }
},
{
    "model": "apartment.package",
    "pk": 9,
    "fields": {
        "name": "Đơn GHN",
        "created_date": "2024-04-19T13:24:47.617Z",
        "updated_date": "2024-04-19T13:26:12.812Z",
        "active": true,
        "resident": [
            "resident9"
        ],
        "note": "Quần áo",
        "image": "image/upload/v1713532852/eo0fsvrsmadbpdem49ja.jpg"
    }
},

{
    "model": "apartment.complaint",
    "pk": 1,
    "fields": {
        "name": "Vấn đề an ninh",
        "created_date": "2024-04-19T13:28:56.170Z",
        "updated_date": "2024-04-19T13:32:59.940Z",
        "active": true,
        "resident": [
            "resident1"
        ],
        "content": "Mất trật tự"
    }
},
{
    "model": "apartment.complaint",
    "pk": 2,
    "fields": {
        "name": "Vấn đề vệ sinh",
        "created_date": "2024-04-19T13:29:50.971Z",
        "updated_date": "2024-05-16T13:09:50.237Z",
        "active": true,
        "resident": [
            "resident2"
        ],
        "content": "Dạo gần đây, chung cư chúng ta rất mất vệ sinh"
    }
},

{
    "model": "apartment.survey",
    "pk": 1,
    "fields": {
        "name": "Khảo sát định kì T1/2024",
        "created_date": "2024-04-19T13:33:32.862Z",
        "updated_date": "2024-04-19T13:33:32.862Z",
        "description": "Khảo sát nhanh",
        "active": true
    }
},
{
    "model": "apartment.survey",
    "pk": 2,
    "fields": {
        "name": "Khảo sát định kì T2/2024",
        "created_date": "2024-04-19T13:33:37.251Z",
        "updated_date": "2024-04-19T13:33:37.251Z",
        "description": "Khảo sát nhanh",
        "active": true
    }
},
{
    "model": "apartment.survey",
    "pk": 3,
    "fields": {
        "name": "Khảo sát định kì T3/2024",
        "created_date": "2024-04-19T13:33:41.278Z",
        "updated_date": "2024-04-19T13:33:41.278Z",
        "description": "Khảo sát nhanh",
        "active": true
    }
},
{
    "model": "apartment.survey",
    "pk": 4,
    "fields": {
        "name": "Khảo sát định kì T4/2024",
        "created_date": "2024-04-19T13:33:44.556Z",
        "updated_date": "2024-04-19T13:33:44.556Z",
        "description": "Khảo sát nhanh",
        "active": true
    }
},

{
    "model": "apartment.questionsurvey",
    "pk": 1,
    "fields": {
        "content": "Chất lượng dịch vụ làm sạch?",
        "created_date": "2024-04-19T13:36:49.957Z",
        "survey": 1
    }
},
{
    "model": "apartment.questionsurvey",
    "pk": 2,
    "fields": {
        "content": "Chất lượng nhân sự làm sạch?",
        "created_date": "2024-04-19T13:37:20.908Z",
        "survey": 1
    }
},
{
    "model": "apartment.questionsurvey",
    "pk": 3,
    "fields": {
        "content": "Cách thức tổ chức các sự kiện?",
        "created_date": "2024-04-19T13:38:12.029Z",
        "survey": 1
    }
},
{
    "model": "apartment.questionsurvey",
    "pk": 4,
    "fields": {
        "content": "Chất lượng dịch vụ an ninh?",
        "created_date": "2024-04-19T13:40:23.211Z",
        "survey": 2
    }
},
{
    "model": "apartment.questionsurvey",
    "pk": 5,
    "fields": {
        "content": "Chất lượng nhân sự an ninh?",
        "created_date": "2024-04-19T13:40:31.115Z",
        "survey": 2
    }
},
{
    "model": "apartment.questionsurvey",
    "pk": 6,
    "fields": {
        "content": "Các tiện ích có đầy đủ cho nhu cầu?",
        "created_date": "2024-04-19T13:41:15.404Z",
        "survey": 2
    }
},
{
    "model": "apartment.questionsurvey",
    "pk": 7,
    "fields": {
        "content": "Bạn có góp ý gì để nâng cấp chất lượng cuộc sống của chính mình?",
        "created_date": "2024-04-19T13:41:50.658Z",
        "survey": 2
    }
},
{
    "model": "apartment.questionsurvey",
    "pk": 8,
    "fields": {
        "content": "Chất lượng dịch vụ vệ sinh?",
        "created_date": "2024-04-19T13:42:20.714Z",
        "survey": 3
    }
},
{
    "model": "apartment.questionsurvey",
    "pk": 9,
    "fields": {
        "content": "Chất lượng nhân sự vệ sinh?",
        "created_date": "2024-04-19T13:42:28.601Z",
        "survey": 3
    }
},
{
    "model": "apartment.questionsurvey",
    "pk": 10,
    "fields": {
        "content": "Chất lượng bãi xe?",
        "created_date": "2024-04-19T13:42:51.620Z",
        "survey": 3
    }
},
{
    "model": "apartment.questionsurvey",
    "pk": 11,
    "fields": {
        "content": "Bạn có hài lòng với các dịch vụ hiện tại của chung cư?",
        "created_date": "2024-04-19T13:45:01.161Z",
        "survey": 3
    }
},
{
    "model": "apartment.questionsurvey",
    "pk": 12,
    "fields": {
        "content": "Bạn có góp ý gì để nâng cấp chất lượng cuộc sống của chính mình?",
        "created_date": "2024-04-19T13:45:06.405Z",
        "survey": 3
    }
},
{
    "model": "apartment.questionsurvey",
    "pk": 13,
    "fields": {
        "content": "Chất lượng dịch vụ an khách hàng?",
        "created_date": "2024-04-19T13:46:17.070Z",
        "survey": 4
    }
},
{
    "model": "apartment.questionsurvey",
    "pk": 14,
    "fields": {
        "content": "Chất lượng an ninh nội bộ?",
        "created_date": "2024-04-19T13:46:31.310Z",
        "survey": 4
    }
},
{
    "model": "apartment.questionsurvey",
    "pk": 15,
    "fields": {
        "content": "Chất lượng ban quản lý chung cư?",
        "created_date": "2024-04-19T13:46:50.251Z",
        "survey": 4
    }
},
{
    "model": "apartment.questionsurvey",
    "pk": 16,
    "fields": {
        "content": "Chất lượng nhân viên tại các khu tiện ích?",
        "created_date": "2024-04-19T13:47:08.446Z",
        "survey": 4
    }
},
{
    "model": "apartment.questionsurvey",
    "pk": 17,
    "fields": {
        "content": "Phòng cháy chữa cháy của chung cư có đáp ứng quy định của pháp luật?",
        "created_date": "2024-04-19T13:48:23.320Z",
        "survey": 4
    }
},
{
    "model": "apartment.questionsurvey",
    "pk": 18,
    "fields": {
        "content": "Nhân sự của chung cư có hỗ trợ người dân kịp thời?",
        "created_date": "2024-04-19T13:48:37.047Z",
        "survey": 4
    }
},
{
    "model": "apartment.questionsurvey",
    "pk": 19,
    "fields": {
        "content": "Các tiện ích có đáp ứng đầy đủ nhu cầu sử dụng?",
        "created_date": "2024-04-19T13:49:14.094Z",
        "survey": 4
    }
},
{
    "model": "apartment.questionsurvey",
    "pk": 20,
    "fields": {
        "content": "Bạn có cảm thấy thoải mái khi sống ở chung cư không?",
        "created_date": "2024-04-19T13:49:18.754Z",
        "survey": 4
    }
},
{
    "model": "apartment.questionsurvey",
    "pk": 21,
    "fields": {
        "content": "Bạn có hài lòng với các dịch vụ hiện tại của chung cư?",
        "created_date": "2024-04-19T13:49:22.654Z",
        "survey": 4
    }
},
{
    "model": "apartment.questionsurvey",
    "pk": 22,
    "fields": {
        "content": "Bạn có góp ý gì để nâng cấp chất lượng cuộc sống của chính mình?",
        "created_date": "2024-04-19T13:49:37.727Z",
        "survey": 4
    }
},
{
    "model": "apartment.questionsurvey",
    "pk": 23,
    "fields": {
        "content": "Bạn sẽ tiếp tục gắn bó với chung cư chứ?",
        "created_date": "2024-04-19T13:49:54.255Z",
        "survey": 4
    }
},
{
    "model": "apartment.questionsurvey",
    "pk": 24,
    "fields": {
        "content": "Bạn sẽ giới thiệu chung cư cho người thân, bạn bè của mình đến sinh sống cùng?",
        "created_date": "2024-04-19T13:50:06.614Z",
        "survey": 4
    }
},

{
    "model": "apartment.answersurvey",
    "pk": 1,
    "fields": {
        "content": "Tốt",
        "created_date": "2024-04-19T14:01:24.670Z",
        "question": 1,
        "resident": [
            "resident1"
        ]
    }
},
{
    "model": "apartment.answersurvey",
    "pk": 2,
    "fields": {
        "content": "Tốt",
        "created_date": "2024-04-19T14:01:44.806Z",
        "question": 2,
        "resident": [
            "resident1"
        ]
    }
},
{
    "model": "apartment.answersurvey",
    "pk": 3,
    "fields": {
        "content": "Tốt",
        "created_date": "2024-04-19T14:01:58.098Z",
        "question": 3,
        "resident": [
            "resident1"
        ]
    }
},
{
    "model": "apartment.answersurvey",
    "pk": 4,
    "fields": {
        "content": "Tốt",
        "created_date": "2024-04-19T14:14:47.197Z",
        "question": 4,
        "resident": [
            "resident1"
        ]
    }
},
{
    "model": "apartment.answersurvey",
    "pk": 5,
    "fields": {
        "content": "Tốt",
        "created_date": "2024-04-19T14:14:52.658Z",
        "question": 5,
        "resident": [
            "resident1"
        ]
    }
},
{
    "model": "apartment.answersurvey",
    "pk": 6,
    "fields": {
        "content": "Đầy đủ",
        "created_date": "2024-04-19T14:15:18.238Z",
        "question": 6,
        "resident": [
            "resident1"
        ]
    }
},
{
    "model": "apartment.answersurvey",
    "pk": 7,
    "fields": {
        "content": "Không",
        "created_date": "2024-04-19T14:15:28.782Z",
        "question": 7,
        "resident": [
            "resident1"
        ]
    }
},
{
    "model": "apartment.answersurvey",
    "pk": 8,
    "fields": {
        "content": "Tốt",
        "created_date": "2024-04-19T14:18:48.247Z",
        "question": 8,
        "resident": [
            "resident1"
        ]
    }
},
{
    "model": "apartment.answersurvey",
    "pk": 9,
    "fields": {
        "content": "Tốt",
        "created_date": "2024-04-19T14:18:57.756Z",
        "question": 9,
        "resident": [
            "resident1"
        ]
    }
},
{
    "model": "apartment.answersurvey",
    "pk": 10,
    "fields": {
        "content": "Tốt",
        "created_date": "2024-04-19T14:19:04.863Z",
        "question": 10,
        "resident": [
            "resident1"
        ]
    }
},
{
    "model": "apartment.answersurvey",
    "pk": 11,
    "fields": {
        "content": "Có",
        "created_date": "2024-04-19T14:19:17.236Z",
        "question": 11,
        "resident": [
            "resident1"
        ]
    }
},
{
    "model": "apartment.answersurvey",
    "pk": 12,
    "fields": {
        "content": "Không",
        "created_date": "2024-04-19T14:19:27.947Z",
        "question": 12,
        "resident": [
            "resident1"
        ]
    }
},
{
    "model": "apartment.answersurvey",
    "pk": 13,
    "fields": {
        "content": "Tốt",
        "created_date": "2024-04-19T14:21:37.752Z",
        "question": 13,
        "resident": [
            "resident1"
        ]
    }
},
{
    "model": "apartment.answersurvey",
    "pk": 14,
    "fields": {
        "content": "Tốt",
        "created_date": "2024-04-19T14:21:43.365Z",
        "question": 14,
        "resident": [
            "resident1"
        ]
    }
},
{
    "model": "apartment.answersurvey",
    "pk": 15,
    "fields": {
        "content": "Tốt",
        "created_date": "2024-04-19T14:21:48.064Z",
        "question": 15,
        "resident": [
            "resident1"
        ]
    }
},
{
    "model": "apartment.answersurvey",
    "pk": 16,
    "fields": {
        "content": "Tốt",
        "created_date": "2024-04-19T14:21:53.854Z",
        "question": 16,
        "resident": [
            "resident1"
        ]
    }
},
{
    "model": "apartment.answersurvey",
    "pk": 17,
    "fields": {
        "content": "Tốt",
        "created_date": "2024-04-19T14:22:11.124Z",
        "question": 17,
        "resident": [
            "resident1"
        ]
    }
},
{
    "model": "apartment.answersurvey",
    "pk": 18,
    "fields": {
        "content": "Tốt",
        "created_date": "2024-04-19T14:22:17.500Z",
        "question": 18,
        "resident": [
            "resident1"
        ]
    }
},
{
    "model": "apartment.answersurvey",
    "pk": 19,
    "fields": {
        "content": "Tốt",
        "created_date": "2024-04-19T14:22:33.718Z",
        "question": 19,
        "resident": [
            "resident1"
        ]
    }
},
{
    "model": "apartment.answersurvey",
    "pk": 20,
    "fields": {
        "content": "Tốt",
        "created_date": "2024-04-19T14:22:42.226Z",
        "question": 20,
        "resident": [
            "resident1"
        ]
    }
},
{
    "model": "apartment.answersurvey",
    "pk": 21,
    "fields": {
        "content": "Tốt",
        "created_date": "2024-04-19T14:23:04.922Z",
        "question": 21,
        "resident": [
            "resident1"
        ]
    }
},
{
    "model": "apartment.answersurvey",
    "pk": 22,
    "fields": {
        "content": "Không",
        "created_date": "2024-04-19T14:23:15.174Z",
        "question": 22,
        "resident": [
            "resident1"
        ]
    }
},
{
    "model": "apartment.answersurvey",
    "pk": 23,
    "fields": {
        "content": "Có",
        "created_date": "2024-04-19T14:23:24.794Z",
        "question": 23,
        "resident": [
            "resident1"
        ]
    }
},
{
    "model": "apartment.answersurvey",
    "pk": 24,
    "fields": {
        "content": "Có",
        "created_date": "2024-04-19T14:23:32.853Z",
        "question": 24,
        "resident": [
            "resident1"
        ]
    }
},
{
    "model": "apartment.answersurvey",
    "pk": 25,
    "fields": {
        "content": "Tốt",
        "created_date": "2024-04-19T14:26:33.484Z",
        "question": 1,
        "resident": [
            "resident2"
        ]
    }
},
{
    "model": "apartment.answersurvey",
    "pk": 26,
    "fields": {
        "content": "Tốt",
        "created_date": "2024-04-19T14:26:39.712Z",
        "question": 2,
        "resident": [
            "resident2"
        ]
    }
},
{
    "model": "apartment.answersurvey",
    "pk": 27,
    "fields": {
        "content": "Tốt",
        "created_date": "2024-04-19T14:26:48.875Z",
        "question": 3,
        "resident": [
            "resident2"
        ]
    }
},
{
    "model": "apartment.answersurvey",
    "pk": 28,
    "fields": {
        "content": "Tốt",
        "created_date": "2024-04-19T14:26:56.961Z",
        "question": 4,
        "resident": [
            "resident2"
        ]
    }
},
{
    "model": "apartment.answersurvey",
    "pk": 29,
    "fields": {
        "content": "Tốt",
        "created_date": "2024-04-19T14:27:00.173Z",
        "question": 5,
        "resident": [
            "resident2"
        ]
    }
},
{
    "model": "apartment.answersurvey",
    "pk": 30,
    "fields": {
        "content": "Tốt",
        "created_date": "2024-04-19T14:27:06.550Z",
        "question": 6,
        "resident": [
            "resident2"
        ]
    }
},
{
    "model": "apartment.answersurvey",
    "pk": 31,
    "fields": {
        "content": "Có",
        "created_date": "2024-04-19T14:27:14.506Z",
        "question": 7,
        "resident": [
            "resident2"
        ]
    }
},
{
    "model": "apartment.answersurvey",
    "pk": 32,
    "fields": {
        "content": "Tốt",
        "created_date": "2024-04-19T14:27:41.288Z",
        "question": 8,
        "resident": [
            "resident2"
        ]
    }
},
{
    "model": "apartment.answersurvey",
    "pk": 33,
    "fields": {
        "content": "Tốt",
        "created_date": "2024-04-19T14:27:43.948Z",
        "question": 9,
        "resident": [
            "resident2"
        ]
    }
},
{
    "model": "apartment.answersurvey",
    "pk": 34,
    "fields": {
        "content": "Tốt",
        "created_date": "2024-04-19T14:27:46.959Z",
        "question": 10,
        "resident": [
            "resident2"
        ]
    }
},
{
    "model": "apartment.answersurvey",
    "pk": 35,
    "fields": {
        "content": "Tốt",
        "created_date": "2024-04-19T14:27:58.215Z",
        "question": 11,
        "resident": [
            "resident2"
        ]
    }
},
{
    "model": "apartment.answersurvey",
    "pk": 36,
    "fields": {
        "content": "Không",
        "created_date": "2024-04-19T14:28:07.311Z",
        "question": 12,
        "resident": [
            "resident2"
        ]
    }
},
{
    "model": "apartment.answersurvey",
    "pk": 37,
    "fields": {
        "content": "Tốt",
        "created_date": "2024-04-19T14:28:39.126Z",
        "question": 13,
        "resident": [
            "resident2"
        ]
    }
},
{
    "model": "apartment.answersurvey",
    "pk": 38,
    "fields": {
        "content": "Tốt",
        "created_date": "2024-04-19T14:28:41.424Z",
        "question": 14,
        "resident": [
            "resident2"
        ]
    }
},
{
    "model": "apartment.answersurvey",
    "pk": 39,
    "fields": {
        "content": "Tốt",
        "created_date": "2024-04-19T14:28:43.596Z",
        "question": 15,
        "resident": [
            "resident2"
        ]
    }
},
{
    "model": "apartment.answersurvey",
    "pk": 40,
    "fields": {
        "content": "Tốt",
        "created_date": "2024-04-19T14:28:45.824Z",
        "question": 16,
        "resident": [
            "resident2"
        ]
    }
},
{
    "model": "apartment.answersurvey",
    "pk": 41,
    "fields": {
        "content": "Tốt",
        "created_date": "2024-04-19T14:28:48.200Z",
        "question": 17,
        "resident": [
            "resident2"
        ]
    }
},
{
    "model": "apartment.answersurvey",
    "pk": 42,
    "fields": {
        "content": "Tốt",
        "created_date": "2024-04-19T14:28:50.806Z",
        "question": 18,
        "resident": [
            "resident2"
        ]
    }
},
{
    "model": "apartment.answersurvey",
    "pk": 43,
    "fields": {
        "content": "Tốt",
        "created_date": "2024-04-19T14:28:53.162Z",
        "question": 19,
        "resident": [
            "resident2"
        ]
    }
},
{
    "model": "apartment.answersurvey",
    "pk": 44,
    "fields": {
        "content": "Tốt",
        "created_date": "2024-04-19T14:29:07.765Z",
        "question": 20,
        "resident": [
            "resident2"
        ]
    }
},
{
    "model": "apartment.answersurvey",
    "pk": 45,
    "fields": {
        "content": "Tốt",
        "created_date": "2024-04-19T14:29:10.813Z",
        "question": 21,
        "resident": [
            "resident2"
        ]
    }
},
{
    "model": "apartment.answersurvey",
    "pk": 46,
    "fields": {
        "content": "Không",
        "created_date": "2024-04-19T14:29:19.841Z",
        "question": 22,
        "resident": [
            "resident2"
        ]
    }
},
{
    "model": "apartment.answersurvey",
    "pk": 47,
    "fields": {
        "content": "Có",
        "created_date": "2024-04-19T14:29:31.891Z",
        "question": 23,
        "resident": [
            "resident2"
        ]
    }
},
{
    "model": "apartment.answersurvey",
    "pk": 48,
    "fields": {
        "content": "Có",
        "created_date": "2024-04-19T14:29:34.092Z",
        "question": 24,
        "resident": [
            "resident2"
        ]
    }
},
{
    "model": "apartment.answersurvey",
    "pk": 49,
    "fields": {
        "content": "Đạt",
        "created_date": "2024-04-19T14:33:29.319Z",
        "question": 1,
        "resident": [
            "resident3"
        ]
    }
},
{
    "model": "apartment.answersurvey",
    "pk": 50,
    "fields": {
        "content": "Đạt",
        "created_date": "2024-04-19T14:33:33.079Z",
        "question": 2,
        "resident": [
            "resident3"
        ]
    }
},
{
    "model": "apartment.answersurvey",
    "pk": 51,
    "fields": {
        "content": "Đạt",
        "created_date": "2024-04-19T14:33:39.453Z",
        "question": 3,
        "resident": [
            "resident3"
        ]
    }
},
{
    "model": "apartment.answersurvey",
    "pk": 52,
    "fields": {
        "content": "Đạt",
        "created_date": "2024-04-19T14:33:49.436Z",
        "question": 4,
        "resident": [
            "resident3"
        ]
    }
},
{
    "model": "apartment.answersurvey",
    "pk": 53,
    "fields": {
        "content": "Đạt",
        "created_date": "2024-04-19T14:33:51.731Z",
        "question": 5,
        "resident": [
            "resident3"
        ]
    }
},
{
    "model": "apartment.answersurvey",
    "pk": 54,
    "fields": {
        "content": "Đạt",
        "created_date": "2024-04-19T14:33:54.382Z",
        "question": 6,
        "resident": [
            "resident3"
        ]
    }
},
{
    "model": "apartment.answersurvey",
    "pk": 55,
    "fields": {
        "content": "Không",
        "created_date": "2024-04-19T14:34:24.000Z",
        "question": 7,
        "resident": [
            "resident3"
        ]
    }
},
{
    "model": "apartment.answersurvey",
    "pk": 56,
    "fields": {
        "content": "Kém",
        "created_date": "2024-04-19T14:35:30.410Z",
        "question": 8,
        "resident": [
            "resident3"
        ]
    }
},
{
    "model": "apartment.answersurvey",
    "pk": 57,
    "fields": {
        "content": "Kém",
        "created_date": "2024-04-19T14:35:33.883Z",
        "question": 9,
        "resident": [
            "resident3"
        ]
    }
},
{
    "model": "apartment.answersurvey",
    "pk": 58,
    "fields": {
        "content": "Kém",
        "created_date": "2024-04-19T14:35:37.332Z",
        "question": 10,
        "resident": [
            "resident3"
        ]
    }
},
{
    "model": "apartment.answersurvey",
    "pk": 59,
    "fields": {
        "content": "Mở rộng thêm tiện ích",
        "created_date": "2024-04-19T14:35:52.738Z",
        "question": 12,
        "resident": [
            "resident3"
        ]
    }
},
{
    "model": "apartment.answersurvey",
    "pk": 60,
    "fields": {
        "content": "Kém",
        "created_date": "2024-04-19T14:38:17.130Z",
        "question": 11,
        "resident": [
            "resident3"
        ]
    }
},

{
    "model": "apartment.resultsurvey",
    "pk": 1,
    "fields": {
        "resident": [
            "resident1"
        ],
        "survey": 1,
        "question": 1,
        "answer": 1
    }
},
{
    "model": "apartment.resultsurvey",
    "pk": 2,
    "fields": {
        "resident": [
            "resident1"
        ],
        "survey": 1,
        "question": 2,
        "answer": 2
    }
},
{
    "model": "apartment.resultsurvey",
    "pk": 3,
    "fields": {
        "resident": [
            "resident1"
        ],
        "survey": 1,
        "question": 3,
        "answer": 3
    }
},
{
    "model": "apartment.resultsurvey",
    "pk": 4,
    "fields": {
        "resident": [
            "resident1"
        ],
        "survey": 2,
        "question": 4,
        "answer": 4
    }
},
{
    "model": "apartment.resultsurvey",
    "pk": 5,
    "fields": {
        "resident": [
            "resident1"
        ],
        "survey": 2,
        "question": 5,
        "answer": 5
    }
},
{
    "model": "apartment.resultsurvey",
    "pk": 6,
    "fields": {
        "resident": [
            "resident1"
        ],
        "survey": 2,
        "question": 6,
        "answer": 6
    }
},
{
    "model": "apartment.resultsurvey",
    "pk": 7,
    "fields": {
        "resident": [
            "resident1"
        ],
        "survey": 2,
        "question": 7,
        "answer": 7
    }
},
{
    "model": "apartment.resultsurvey",
    "pk": 8,
    "fields": {
        "resident": [
            "resident1"
        ],
        "survey": 3,
        "question": 8,
        "answer": 8
    }
},
{
    "model": "apartment.resultsurvey",
    "pk": 9,
    "fields": {
        "resident": [
            "resident1"
        ],
        "survey": 3,
        "question": 9,
        "answer": 9
    }
},
{
    "model": "apartment.resultsurvey",
    "pk": 10,
    "fields": {
        "resident": [
            "resident1"
        ],
        "survey": 3,
        "question": 10,
        "answer": 10
    }
},
{
    "model": "apartment.resultsurvey",
    "pk": 11,
    "fields": {
        "resident": [
            "resident1"
        ],
        "survey": 3,
        "question": 11,
        "answer": 11
    }
},
{
    "model": "apartment.resultsurvey",
    "pk": 12,
    "fields": {
        "resident": [
            "resident1"
        ],
        "survey": 3,
        "question": 12,
        "answer": 12
    }
},
{
    "model": "apartment.resultsurvey",
    "pk": 13,
    "fields": {
        "resident": [
            "resident1"
        ],
        "survey": 4,
        "question": 13,
        "answer": 13
    }
},
{
    "model": "apartment.resultsurvey",
    "pk": 14,
    "fields": {
        "resident": [
            "resident1"
        ],
        "survey": 4,
        "question": 14,
        "answer": 14
    }
},
{
    "model": "apartment.resultsurvey",
    "pk": 15,
    "fields": {
        "resident": [
            "resident1"
        ],
        "survey": 4,
        "question": 15,
        "answer": 15
    }
},
{
    "model": "apartment.resultsurvey",
    "pk": 16,
    "fields": {
        "resident": [
            "resident1"
        ],
        "survey": 4,
        "question": 16,
        "answer": 16
    }
},
{
    "model": "apartment.resultsurvey",
    "pk": 17,
    "fields": {
        "resident": [
            "resident1"
        ],
        "survey": 4,
        "question": 17,
        "answer": 17
    }
},
{
    "model": "apartment.resultsurvey",
    "pk": 18,
    "fields": {
        "resident": [
            "resident1"
        ],
        "survey": 4,
        "question": 18,
        "answer": 18
    }
},
{
    "model": "apartment.resultsurvey",
    "pk": 19,
    "fields": {
        "resident": [
            "resident1"
        ],
        "survey": 4,
        "question": 19,
        "answer": 19
    }
},
{
    "model": "apartment.resultsurvey",
    "pk": 20,
    "fields": {
        "resident": [
            "resident1"
        ],
        "survey": 4,
        "question": 20,
        "answer": 20
    }
},
{
    "model": "apartment.resultsurvey",
    "pk": 21,
    "fields": {
        "resident": [
            "resident1"
        ],
        "survey": 4,
        "question": 21,
        "answer": 21
    }
},
{
    "model": "apartment.resultsurvey",
    "pk": 22,
    "fields": {
        "resident": [
            "resident1"
        ],
        "survey": 4,
        "question": 22,
        "answer": 22
    }
},
{
    "model": "apartment.resultsurvey",
    "pk": 23,
    "fields": {
        "resident": [
            "resident1"
        ],
        "survey": 4,
        "question": 23,
        "answer": 23
    }
},
{
    "model": "apartment.resultsurvey",
    "pk": 24,
    "fields": {
        "resident": [
            "resident1"
        ],
        "survey": 4,
        "question": 24,
        "answer": 24
    }
},
{
    "model": "apartment.resultsurvey",
    "pk": 25,
    "fields": {
        "resident": [
            "resident2"
        ],
        "survey": 1,
        "question": 1,
        "answer": 25
    }
},
{
    "model": "apartment.resultsurvey",
    "pk": 26,
    "fields": {
        "resident": [
            "resident2"
        ],
        "survey": 1,
        "question": 2,
        "answer": 26
    }
},
{
    "model": "apartment.resultsurvey",
    "pk": 27,
    "fields": {
        "resident": [
            "resident2"
        ],
        "survey": 1,
        "question": 3,
        "answer": 27
    }
},
{
    "model": "apartment.resultsurvey",
    "pk": 28,
    "fields": {
        "resident": [
            "resident2"
        ],
        "survey": 2,
        "question": 4,
        "answer": 28
    }
},
{
    "model": "apartment.resultsurvey",
    "pk": 29,
    "fields": {
        "resident": [
            "resident2"
        ],
        "survey": 2,
        "question": 5,
        "answer": 29
    }
},
{
    "model": "apartment.resultsurvey",
    "pk": 30,
    "fields": {
        "resident": [
            "resident2"
        ],
        "survey": 2,
        "question": 6,
        "answer": 30
    }
},
{
    "model": "apartment.resultsurvey",
    "pk": 31,
    "fields": {
        "resident": [
            "resident2"
        ],
        "survey": 2,
        "question": 7,
        "answer": 31
    }
},
{
    "model": "apartment.resultsurvey",
    "pk": 32,
    "fields": {
        "resident": [
            "resident2"
        ],
        "survey": 3,
        "question": 8,
        "answer": 32
    }
},
{
    "model": "apartment.resultsurvey",
    "pk": 33,
    "fields": {
        "resident": [
            "resident2"
        ],
        "survey": 3,
        "question": 9,
        "answer": 33
    }
},
{
    "model": "apartment.resultsurvey",
    "pk": 34,
    "fields": {
        "resident": [
            "resident2"
        ],
        "survey": 3,
        "question": 10,
        "answer": 34
    }
},
{
    "model": "apartment.resultsurvey",
    "pk": 35,
    "fields": {
        "resident": [
            "resident2"
        ],
        "survey": 3,
        "question": 11,
        "answer": 35
    }
},
{
    "model": "apartment.resultsurvey",
    "pk": 36,
    "fields": {
        "resident": [
            "resident2"
        ],
        "survey": 3,
        "question": 12,
        "answer": 36
    }
},
{
    "model": "apartment.resultsurvey",
    "pk": 37,
    "fields": {
        "resident": [
            "resident2"
        ],
        "survey": 4,
        "question": 13,
        "answer": 37
    }
},
{
    "model": "apartment.resultsurvey",
    "pk": 38,
    "fields": {
        "resident": [
            "resident2"
        ],
        "survey": 4,
        "question": 14,
        "answer": 38
    }
},
{
    "model": "apartment.resultsurvey",
    "pk": 39,
    "fields": {
        "resident": [
            "resident2"
        ],
        "survey": 4,
        "question": 15,
        "answer": 39
    }
},
{
    "model": "apartment.resultsurvey",
    "pk": 40,
    "fields": {
        "resident": [
            "resident2"
        ],
        "survey": 4,
        "question": 16,
        "answer": 40
    }
},
{
    "model": "apartment.resultsurvey",
    "pk": 41,
    "fields": {
        "resident": [
            "resident2"
        ],
        "survey": 4,
        "question": 17,
        "answer": 41
    }
},
{
    "model": "apartment.resultsurvey",
    "pk": 42,
    "fields": {
        "resident": [
            "resident2"
        ],
        "survey": 4,
        "question": 18,
        "answer": 42
    }
},
{
    "model": "apartment.resultsurvey",
    "pk": 43,
    "fields": {
        "resident": [
            "resident2"
        ],
        "survey": 4,
        "question": 19,
        "answer": 43
    }
},
{
    "model": "apartment.resultsurvey",
    "pk": 44,
    "fields": {
        "resident": [
            "resident2"
        ],
        "survey": 4,
        "question": 20,
        "answer": 44
    }
},
{
    "model": "apartment.resultsurvey",
    "pk": 45,
    "fields": {
        "resident": [
            "resident2"
        ],
        "survey": 4,
        "question": 21,
        "answer": 45
    }
},
{
    "model": "apartment.resultsurvey",
    "pk": 46,
    "fields": {
        "resident": [
            "resident2"
        ],
        "survey": 4,
        "question": 22,
        "answer": 46
    }
},
{
    "model": "apartment.resultsurvey",
    "pk": 47,
    "fields": {
        "resident": [
            "resident2"
        ],
        "survey": 4,
        "question": 23,
        "answer": 47
    }
},
{
    "model": "apartment.resultsurvey",
    "pk": 48,
    "fields": {
        "resident": [
            "resident2"
        ],
        "survey": 4,
        "question": 24,
        "answer": 48
    }
},
{
    "model": "apartment.resultsurvey",
    "pk": 49,
    "fields": {
        "resident": [
            "resident3"
        ],
        "survey": 1,
        "question": 1,
        "answer": 49
    }
},
{
    "model": "apartment.resultsurvey",
    "pk": 50,
    "fields": {
        "resident": [
            "resident3"
        ],
        "survey": 1,
        "question": 2,
        "answer": 50
    }
},
{
    "model": "apartment.resultsurvey",
    "pk": 51,
    "fields": {
        "resident": [
            "resident3"
        ],
        "survey": 1,
        "question": 3,
        "answer": 51
    }
},
{
    "model": "apartment.resultsurvey",
    "pk": 52,
    "fields": {
        "resident": [
            "resident3"
        ],
        "survey": 2,
        "question": 4,
        "answer": 52
    }
},
{
    "model": "apartment.resultsurvey",
    "pk": 53,
    "fields": {
        "resident": [
            "resident3"
        ],
        "survey": 2,
        "question": 5,
        "answer": 53
    }
},
{
    "model": "apartment.resultsurvey",
    "pk": 54,
    "fields": {
        "resident": [
            "resident3"
        ],
        "survey": 2,
        "question": 6,
        "answer": 54
    }
},
{
    "model": "apartment.resultsurvey",
    "pk": 55,
    "fields": {
        "resident": [
            "resident3"
        ],
        "survey": 2,
        "question": 7,
        "answer": 55
    }
},
{
    "model": "apartment.resultsurvey",
    "pk": 56,
    "fields": {
        "resident": [
            "resident3"
        ],
        "survey": 3,
        "question": 8,
        "answer": 56
    }
},
{
    "model": "apartment.resultsurvey",
    "pk": 57,
    "fields": {
        "resident": [
            "resident3"
        ],
        "survey": 3,
        "question": 9,
        "answer": 57
    }
},
{
    "model": "apartment.resultsurvey",
    "pk": 58,
    "fields": {
        "resident": [
            "resident3"
        ],
        "survey": 3,
        "question": 10,
        "answer": 58
    }
},
{
    "model": "apartment.resultsurvey",
    "pk": 59,
    "fields": {
        "resident": [
            "resident3"
        ],
        "survey": 3,
        "question": 12,
        "answer": 59
    }
},
{
    "model": "apartment.resultsurvey",
    "pk": 60,
    "fields": {
        "resident": [
            "resident3"
        ],
        "survey": 3,
        "question": 11,
        "answer": 60
    }
},

{
    "model": "apartment.notification",
    "pk": 1,
    "fields": {
        "name": "Lịch cắt điện T3/2024",
        "created_date": "2024-04-19T03:56:00.227Z",
        "updated_date": "2024-04-19T03:56:00.227Z",
        "active": true,
        "content": "Cư dân chú ý: Ngày 22/03, từ 8h-12h, toàn bộ chung cư sẽ cắt điện để sửa chữa"
    }
},
{
    "model": "apartment.notification",
    "pk": 2,
    "fields": {
        "name": "Lịch sửa chữa thang máy T4/2024",
        "created_date": "2024-04-19T03:58:58.704Z",
        "updated_date": "2024-04-19T03:58:58.704Z",
        "active": true,
        "content": "Cư dân chú ý: Từ ngày 05/04 - 08/04, toàn bộ thang máy sẽ dừng hoạt động vào lúc 2h-6h mỗi ngày"
    }
},
{
    "model": "apartment.notification",
    "pk": 3,
    "fields": {
        "name": "Cuộc họp giữa ban quản lý và cư dân T4/2024",
        "created_date": "2024-04-19T03:59:59.619Z",
        "updated_date": "2024-04-19T03:59:59.619Z",
        "active": true,
        "content": "Vào ngày 15/04, ban quản lý sẽ tổ chức cuộc họp với cư dân vào lúc 19h tại phòng sinh hoạt chung của chung cư"
    }
},
{
    "model": "apartment.notification",
    "pk": 4,
    "fields": {
        "name": "Tăng cường bảo vệ an ninh trong khu vực",
        "created_date": "2024-04-19T04:00:33.852Z",
        "updated_date": "2024-04-19T04:00:33.852Z",
        "active": true,
        "content": "Bổ sung thêm 2 bảo vệ tuần tra từ 22h-6h"
    }
},
{
    "model": "apartment.notification",
    "pk": 5,
    "fields": {
        "name": "Dịch vụ vệ sinh định kỳ vào ngày chủ nhật",
        "created_date": "2024-04-19T04:01:02.273Z",
        "updated_date": "2024-04-19T04:01:02.273Z",
        "active": true,
        "content": "Vệ sinh toàn bộ khu vực chung"
    }
},
{
    "model": "apartment.notification",
    "pk": 6,
    "fields": {
        "name": "Chương trình thiện nguyện giúp đỡ trẻ em vào ngày 01/06",
        "created_date": "2024-04-19T04:01:33.948Z",
        "updated_date": "2024-04-19T04:01:33.948Z",
        "active": true,
        "content": "Với châm ngôn \"Cũ ta mới người\", ban quản lý chung cư tổ chức hoạt động thiện nguyện với nội dung quyên góp sách vở, quần áo, đồ chung và đồ chơi cũ"
    }
},
{
    "model": "apartment.notification",
    "pk": 7,
    "fields": {
        "name": "Tổ chức hội chợ hàng hóa",
        "created_date": "2024-04-19T04:01:56.067Z",
        "updated_date": "2024-04-19T04:01:56.067Z",
        "active": true,
        "content": "Hội chợ mở cửa từ 8h-18h ngày 03/05 tại khu vực sân chơi của chung cư"
    }
},
{
    "model": "apartment.notification",
    "pk": 8,
    "fields": {
        "name": "Tập huấn phòng cháy chữa cháy ngày 15/5",
        "created_date": "2024-04-19T04:02:28.289Z",
        "updated_date": "2024-04-19T04:02:28.289Z",
        "active": true,
        "content": "Tập huấn tại khu vực nhà để xe từ 9h-11h"
    }
},
{
    "model": "apartment.notification",
    "pk": 9,
    "fields": {
        "name": "Chỉnh trang cảnh quan sân vườn",
        "created_date": "2024-04-19T04:03:44.073Z",
        "updated_date": "2024-04-19T04:03:44.073Z",
        "active": true,
        "content": "Bắt đầu từ ngày 20/05, kéo dài trong 1 tuần"
    }
},
{
    "model": "apartment.notification",
    "pk": 10,
    "fields": {
        "name": "Cập nhật thông tin liên hệ cư dân",
        "created_date": "2024-04-19T04:07:00.777Z",
        "updated_date": "2024-04-19T04:07:00.777Z",
        "active": true,
        "content": "Liên hệ ban quản lý để cập nhật"
    }
},
{
    "model": "apartment.notification",
    "pk": 11,
    "fields": {
        "name": "Thực hiện khảo sát định kì T1/2024 ",
        "created_date": "2024-04-19T04:07:22.908Z",
        "updated_date": "2024-04-19T04:07:22.908Z",
        "active": true,
        "content": "Cư dân vui lòng thực hiện khảo sát định kì T1/2024 để giúp ban quản lý cải thiện môi trường sống cho cư dân"
    }
},
{
    "model": "apartment.notification",
    "pk": 12,
    "fields": {
        "name": "Thực hiện khảo sát định kì T2/2024 ",
        "created_date": "2024-04-19T04:07:53.700Z",
        "updated_date": "2024-04-19T04:07:53.700Z",
        "active": true,
        "content": "Cư dân vui lòng thực hiện khảo sát định kì T2/2024 để giúp ban quản lý cải thiện môi trường sống cho cư dân"
    }
},
{
    "model": "apartment.notification",
    "pk": 13,
    "fields": {
        "name": "Thực hiện khảo sát định kì T3/2024 ",
        "created_date": "2024-04-19T04:09:03.809Z",
        "updated_date": "2024-04-19T04:09:03.809Z",
        "active": true,
        "content": "Cư dân vui lòng thực hiện khảo sát định kì T3/2024 để giúp ban quản lý cải thiện môi trường sống cho cư dân"
    }
},
{
    "model": "apartment.notification",
    "pk": 14,
    "fields": {
        "name": "Thực hiện khảo sát định kì T4/2024 ",
        "created_date": "2024-04-19T04:09:18.943Z",
        "updated_date": "2024-04-19T04:09:18.943Z",
        "active": true,
        "content": "Cư dân vui lòng thực hiện khảo sát định kì T4/2024 để giúp ban quản lý cải thiện môi trường sống cho cư dân"
    }
},
{
    "model": "apartment.notification",
    "pk": 15,
    "fields": {
        "name": "Thực hiện an toàn phòng cháy chữa cháy",
        "created_date": "2024-04-19T04:09:41.631Z",
        "updated_date": "2024-04-19T04:09:41.631Z",
        "active": true,
        "content": "Xin thông báo về việc kiểm tra hệ thống PCCC vào 17/05, từ 9h-12h trưa"
    }
},
{
    "model": "apartment.notification",
    "pk": 16,
    "fields": {
        "name": "Hội nghị cư dân",
        "created_date": "2024-04-19T04:10:09.079Z",
        "updated_date": "2024-04-19T04:10:09.079Z",
        "active": true,
        "content": "Đề xuất ý kiến về việc sắp xếp lại lịch trình vệ sinh khu vực chung"
    }
},
{
    "model": "apartment.notification",
    "pk": 17,
    "fields": {
        "name": "Thay đổi hệ thông cửa",
        "created_date": "2024-04-19T04:13:24.619Z",
        "updated_date": "2024-04-19T04:13:24.619Z",
        "active": true,
        "content": "Thông báo về việc thay đổi hệ thống cửa chính vào ngày 25/05"
    }
},
{
    "model": "apartment.notification",
    "pk": 18,
    "fields": {
        "name": "Giám sát trẻ em",
        "created_date": "2024-04-19T13:20:27.978Z",
        "updated_date": "2024-04-19T13:20:27.978Z",
        "active": true,
        "content": "Lưu ý: Trẻ em dưới 12 tuổi phải được người lớn giám sát khi sử dụng cơ sở vật chất chung"
    }
},
{
    "model": "apartment.notification",
    "pk": 19,
    "fields": {
        "name": "Tình nguyện dọn dẹp",
        "created_date": "2024-04-19T04:18:27.705Z",
        "updated_date": "2024-04-19T04:18:27.705Z",
        "active": true,
        "content": "Thông báo về việc tổ chức chương trình tình nguyện làm sạch khu vực xung quanh chung cư vào ngày 27/05"
    }
},
{
    "model": "apartment.notification",
    "pk": 20,
    "fields": {
        "name": "Quá tải điện",
        "created_date": "2024-04-19T04:19:15.039Z",
        "updated_date": "2024-04-19T04:19:15.039Z",
        "active": true,
        "content": "Lưu ý: Vui lòng tắt đèn và điều chỉnh nhiệt độ máy lạnh khi không sử dụng để tiết kiệm năng lượng"
    }
},
{
    "model": "apartment.notification",
    "pk": 21,
    "fields": {
        "name": "Điều chỉnh lịch vệ sinh",
        "created_date": "2024-04-19T04:22:31.325Z",
        "updated_date": "2024-04-19T04:22:31.325Z",
        "active": true,
        "content": "Lịch trình vệ sinh hồ bơi đã được điều chỉnh, vui lòng kiểm tra để biết thêm thông tin chi tiết"
    }
},
{
    "model": "apartment.notification",
    "pk": 22,
    "fields": {
        "name": "Nhắc nhở bãi xe",
        "created_date": "2024-04-19T04:23:03.110Z",
        "updated_date": "2024-04-19T04:23:03.110Z",
        "active": true,
        "content": "Lưu ý: Vui lòng không đậu xe trong khu vực cấm đỗ để đảm bảo thông thoáng cho giao thông"
    }
},
{
    "model": "apartment.notification",
    "pk": 23,
    "fields": {
        "name": "Nâng cấp hệ thống cấp nước",
        "created_date": "2024-05-16T14:39:53.023Z",
        "updated_date": "2024-05-16T14:39:53.023Z",
        "active": true,
        "content": "Thông báo về việc kiểm tra định kỳ và bảo dưỡng hệ thống cấp nước, dự kiến sẽ ảnh hưởng đến cung cấp nước trong một số thời gian ngắn"
    }
},
{
    "model": "apartment.notification",
    "pk": 24,
    "fields": {
        "name": "Ý thức vệ sinh chung",
        "created_date": "2024-04-19T13:22:53.844Z",
        "updated_date": "2024-04-19T13:22:53.844Z",
        "active": true,
        "content": "Mong mọi người giữ vệ sinh khu vực thang máy và tránh việc vứt rác không đúng chỗ"
    }
},
{
    "model": "apartment.notification",
    "pk": 25,
    "fields": {
        "name": "Điều chỉnh lịch thu gom rác",
        "created_date": "2024-04-19T13:23:12.255Z",
        "updated_date": "2024-04-19T13:23:12.255Z",
        "active": true,
        "content": "Lịch trình thu gom rác sẽ có điều chỉnh vào ngày 27/05 do lễ lớn diễn ra tại khu vực sảnh chung cư, xin mọi người thông cảm"
    }
},
{
    "model": "apartment.notification",
    "pk": 26,
    "fields": {
        "name": "Nâng cấp cơ sở vật chất",
        "created_date": "2024-04-19T13:23:33.508Z",
        "updated_date": "2024-04-19T13:23:33.508Z",
        "active": true,
        "content": "Thông báo về việc sửa chữa cơ sở vật chất phòng sinh hoạt cộng đồng, mong mọi người thông cảm với sự bất tiện trong thời gian này"
    }
},
{
    "model": "apartment.notification",
    "pk": 27,
    "fields": {
        "name": "Chuyên đề phòng chống tệ nạn xã hội",
        "created_date": "2024-04-19T13:23:50.291Z",
        "updated_date": "2024-04-19T13:23:50.291Z",
        "active": true,
        "content": "Chuyên đề sẽ diễn ra vào chủ nhật 9h ngày 11/05, kính mong cư dân tham gia để nâng cao ý thức"
    }
},
{
    "model": "apartment.notification",
    "pk": 28,
    "fields": {
        "name": "Chuyên đề phòng chống tội phạm công nghệ cao",
        "created_date": "2024-04-19T13:24:02.461Z",
        "updated_date": "2024-04-19T13:24:02.461Z",
        "active": true,
        "content": "Chuyên đề sẽ diễn ra vào chủ nhật 9h ngày 17/05, kính mong cư dân tham gia để nâng cao ý thức"
    }
},
{
    "model": "apartment.notification",
    "pk": 29,
    "fields": {
        "name": "Nâng cấp hệ thống thoát nước",
        "created_date": "2024-04-19T13:24:16.129Z",
        "updated_date": "2024-04-19T13:24:16.129Z",
        "active": true,
        "content": "Thông báo về việc sửa chữa hệ thống thoát nước trong khu vực, có thể ảnh hưởng đến việc sử dụng nước trong một số thời gian ngắn"
    }
},
{
    "model": "apartment.notification",
    "pk": 30,
    "fields": {
        "name": "Tổ chức cuộc họp đặc biệt",
        "created_date": "2024-04-19T13:24:29.851Z",
        "updated_date": "2024-04-19T13:24:29.851Z",
        "active": true,
        "content": "Cuộc họp đặc biệt về việc xây dựng phương án ứng phó với tình hình khẩn cấp sẽ được tổ chức vào tuần tới, mọi cư dân đều được mời tham dự"
    }
},
{
    "model": "apartment.notification",
    "pk": 31,
    "fields": {
        "name": "Cải thiện an ninh",
        "created_date": "2024-04-19T13:24:38.393Z",
        "updated_date": "2024-04-19T13:24:38.393Z",
        "active": true,
        "content": "Xin thông báo về việc kiểm tra an ninh hệ thống camera quan sát vào ngày mai, có thể ảnh hưởng đến việc ghi lại hình ảnh trong một số thời gian ngắn"
    }
},
{
    "model": "apartment.notification",
    "pk": 32,
    "fields": {
        "name": "Tổ chức buổi tọa đàm",
        "created_date": "2024-04-19T13:24:47.617Z",
        "updated_date": "2024-04-19T13:24:47.617Z",
        "active": true,
        "content": "Thông báo về việc tổ chức buổi tọa đàm về kế hoạch phát triển cộng đồng trong năm tới, mọi cư dân đều được mời tham dự và đóng góp ý kiến"
    }
},

{
    "model": "apartment.momolink",
    "pk": 1,
    "fields": {
        "partner_code": "MOMO",
        "order_id": "MOMO18372334803816163615",
        "request_id": "MOMO6402193457816690988",
        "amount": 1234567,
        "created_date": "2024-06-12T11:47:34.512Z",
        "updated_date": "2024-06-12T11:47:34.512Z",
        "pay_url": "https://test-payment.momo.vn/v2/gateway/pay?t=TU9NT3xNT01PMTgzNzIzMzQ4MDM4MTYxNjM2MTU&s=27b4be4dfab5d0de2a79ab7bd0f41ff6c99e7e0608d436069106dba8c94caae8",
        "short_link": "https://test-payment.momo.vn/shortlink/m9D2blqzKr",
        "payment": 1,
        "resident": [
            "resident1"
        ]
    }
},
{
    "model": "apartment.momolink",
    "pk": 2,
    "fields": {
        "partner_code": "MOMO",
        "order_id": "MOMO345563150496050007665",
        "request_id": "MOMO438367464841588044103236",
        "amount": 320000,
        "created_date": "2024-06-12T11:49:18.119Z",
        "updated_date": "2024-06-12T11:49:18.119Z",
        "pay_url": "https://test-payment.momo.vn/v2/gateway/pay?t=TU9NT3xNT01PMzQ1NTYzMTUwNDk2MDUwMDA3NjY1&s=05c1f91958b83da1f0fd08159914e4036d0ed67f15d66d3430fc01909f4a4e04",
        "short_link": "https://test-payment.momo.vn/shortlink/dEzJUAE4h7",
        "payment": 3,
        "resident": [
            "resident3"
        ]
    }
},
{
    "model": "apartment.momolink",
    "pk": 3,
    "fields": {
        "partner_code": "MOMO",
        "order_id": "MOMO471786474461052258737029",
        "request_id": "MOMO01756052490650244167611",
        "amount": 500000,
        "created_date": "2024-06-12T11:50:46.624Z",
        "updated_date": "2024-06-12T11:50:46.624Z",
        "pay_url": "https://test-payment.momo.vn/v2/gateway/pay?t=TU9NT3xNT01PNDcxNzg2NDc0NDYxMDUyMjU4NzM3MDI5&s=d2234bc70624f5b7167ba790b73bfea594c87a82ad75dd8df55bb515d300d615",
        "short_link": "https://test-payment.momo.vn/shortlink/KvjJHNlYyp",
        "payment": 5,
        "resident": [
            "resident6"
        ]
    }
},

{
    "model": "apartment.momopaid",
    "pk": 1,
    "fields": {
        "partner_code": "MOMO",
        "order_id": "MOMO18372334803816163615",
        "request_id": "MOMO6402193457816690988",
        "amount": 1234567,
        "created_date": "2024-06-12T11:48:21.603Z",
        "updated_date": "2024-06-12T11:48:21.603Z",
        "order_info": "Thanh toan hoa don bang Momo",
        "order_type": "momo_wallet",
        "trans_id": 4058509608,
        "pay_type": "napas",
        "signature": "d93f0317c33e05b30eca51d2783cf5fe11e4587102eb90cfb5e75c621bc62526"
    }
},
{
    "model": "apartment.momopaid",
    "pk": 2,
    "fields": {
        "partner_code": "MOMO",
        "order_id": "MOMO345563150496050007665",
        "request_id": "MOMO438367464841588044103236",
        "amount": 320000,
        "created_date": "2024-06-12T11:50:14.060Z",
        "updated_date": "2024-06-12T11:50:14.060Z",
        "order_info": "Thanh toan hoa don bang Momo",
        "order_type": "momo_wallet",
        "trans_id": 4058584832,
        "pay_type": "credit",
        "signature": "2f39b3a0bac23a521cd1a7862a28172f0fa0f246fd59929ade51f4d04dfc8aa7"
    }
},
{
    "model": "apartment.momopaid",
    "pk": 3,
    "fields": {
        "partner_code": "MOMO",
        "order_id": "MOMO471786474461052258737029",
        "request_id": "MOMO01756052490650244167611",
        "amount": 500000,
        "created_date": "2024-06-12T11:51:46.158Z",
        "updated_date": "2024-06-12T11:51:46.158Z",
        "order_info": "Thanh toan hoa don bang Momo",
        "order_type": "momo_wallet",
        "trans_id": 4058509639,
        "pay_type": "napas",
        "signature": "5a23ef5c9048e9bf8e91f607069bdd84be72ea1d287aa57449e10a40de60e628"
    }
},

{
    "model": "apartment.vnpaylink",
    "pk": 1,
    "fields": {
        "txn_ref": "VNP2108279844159630819690",
        "amount": 333223,
        "order_info": "Thanh toan hoa don bang VnPay",
        "created_date": "2024-06-12T11:52:27.859Z",
        "updated_date": "2024-06-12T11:52:27.859Z",
        "order_type": "billpayment",
        "ip_addr": "127.0.0.1",
        "payment_url": "https://sandbox.vnpayment.vn/paymentv2/vpcpay.html?vnp_Amount=33322300&vnp_Command=pay&vnp_CreateDate=20240612185227&vnp_CurrCode=VND&vnp_IpAddr=127.0.0.1&vnp_Locale=vn&vnp_OrderInfo=Thanh+toan+hoa+don+bang+VnPay&vnp_OrderType=billpayment&vnp_ReturnUrl=http%3A%2F%2F127.0.0.1%3A8000%2Fpaid&vnp_TmnCode=BBJDENSU&vnp_TxnRef=VNP2108279844159630819690&vnp_Version=2.1.0&vnp_SecureHash=8535fb6e9a4ddd67628638e2569b263aa3391b9b62cb0ed36d15b4496ada429d797d576e5c33a264414405b1a3bc0a6dbaf1859a48bcd958e6d4d069103db82e",
        "payment": 2,
        "resident": [
            "resident2"
        ]
    }
},
{
    "model": "apartment.vnpaylink",
    "pk": 2,
    "fields": {
        "txn_ref": "VNP192252412980684022",
        "amount": 1000000,
        "order_info": "Thanh toan hoa don bang VnPay",
        "created_date": "2024-06-12T11:53:24.602Z",
        "updated_date": "2024-06-12T11:53:24.602Z",
        "order_type": "billpayment",
        "ip_addr": "127.0.0.1",
        "payment_url": "https://sandbox.vnpayment.vn/paymentv2/vpcpay.html?vnp_Amount=100000000&vnp_Command=pay&vnp_CreateDate=20240612185324&vnp_CurrCode=VND&vnp_IpAddr=127.0.0.1&vnp_Locale=vn&vnp_OrderInfo=Thanh+toan+hoa+don+bang+VnPay&vnp_OrderType=billpayment&vnp_ReturnUrl=http%3A%2F%2F127.0.0.1%3A8000%2Fpaid&vnp_TmnCode=BBJDENSU&vnp_TxnRef=VNP192252412980684022&vnp_Version=2.1.0&vnp_SecureHash=72834cc8c9e6b51930668f30b9971207305216457e692747116d97503bb59fb8e2e160e4ecce1594047d524294c0419911c206ffd3ec2ac94fe9856a800b4d53",
        "payment": 4,
        "resident": [
            "resident5"
        ]
    }
},
{
    "model": "apartment.vnpaylink",
    "pk": 3,
    "fields": {
        "txn_ref": "VNP734722249984455546",
        "amount": 1200000,
        "order_info": "Thanh toan hoa don bang VnPay",
        "created_date": "2024-06-12T11:58:18.154Z",
        "updated_date": "2024-06-12T11:58:18.154Z",
        "order_type": "billpayment",
        "ip_addr": "127.0.0.1",
        "payment_url": "https://sandbox.vnpayment.vn/paymentv2/vpcpay.html?vnp_Amount=120000000&vnp_Command=pay&vnp_CreateDate=20240612185818&vnp_CurrCode=VND&vnp_IpAddr=127.0.0.1&vnp_Locale=vn&vnp_OrderInfo=Thanh+toan+hoa+don+bang+VnPay&vnp_OrderType=billpayment&vnp_ReturnUrl=http%3A%2F%2F127.0.0.1%3A8000%2Fpaid&vnp_TmnCode=BBJDENSU&vnp_TxnRef=VNP734722249984455546&vnp_Version=2.1.0&vnp_SecureHash=c9fb217fe1d5f7fb0d069c329361a8333f83f0c7353abcec9e8530ab9614fba906cfbd2484a1a6ac25d756cb5d8298723b5f36ae18f3a2ded7773eb6fe60873c",
        "payment": 8,
        "resident": [
            "resident9"
        ]
    }
},

{
    "model": "apartment.vnpaypaid",
    "pk": 1,
    "fields": {
        "txn_ref": "VNP2108279844159630819690",
        "amount": 33322300,
        "order_info": "Thanh toan hoa don bang VnPay",
        "created_date": "2024-06-12T11:52:53.495Z",
        "updated_date": "2024-06-12T11:52:53.495Z",
        "bank_code": "NCB",
        "bank_tran_no": "VNP14456268",
        "card_type": "ATM",
        "pay_date": 20240612184958,
        "response_code": 0,
        "tmn_code": "BBJDENSU",
        "transaction_no": 14456268,
        "transaction_status": 0,
        "secure_hash": "bc6a1967a199b5d00dfe8c77fddfcffd0cf062a57fe7fd1f5fb2a846463290d11671bd92c637b880d0e0cc167a673500a8ab7e43a5c658488fefe98a1f0f0bfd"
    }
},
{
    "model": "apartment.vnpaypaid",
    "pk": 2,
    "fields": {
        "txn_ref": "VNP192252412980684022",
        "amount": 100000000,
        "order_info": "Thanh toan hoa don bang VnPay",
        "created_date": "2024-06-12T11:55:11.933Z",
        "updated_date": "2024-06-12T11:55:11.933Z",
        "bank_code": "JCB",
        "bank_tran_no": "7181931399646836203012",
        "card_type": "JCB",
        "pay_date": 20240612185123,
        "response_code": 0,
        "tmn_code": "BBJDENSU",
        "transaction_no": 14456270,
        "transaction_status": 0,
        "secure_hash": "e75f0b15e3f9594a469e473587305e2542b05063b5e3040c244354d9d5c64e53bce5abe495aa4ea66826e234afbaaa6e133a5c64558ec5a0dc0390d268c3aec4"
    }
},
{
    "model": "apartment.vnpaypaid",
    "pk": 3,
    "fields": {
        "txn_ref": "VNP734722249984455546",
        "amount": 120000000,
        "order_info": "Thanh toan hoa don bang VnPay",
        "created_date": "2024-06-12T11:58:45.501Z",
        "updated_date": "2024-06-12T11:58:45.501Z",
        "bank_code": "NCB",
        "bank_tran_no": "VNP14456276",
        "card_type": "ATM",
        "pay_date": 20240612185547,
        "response_code": 0,
        "tmn_code": "BBJDENSU",
        "transaction_no": 14456276,
        "transaction_status": 0,
        "secure_hash": "801de76d6e7aa71386daf224ab7528ed7cb64d83d1baa6068e9b83bc731aef48f6a85441b1858f7c79a71aea1a61d477a6cf8f0e86dc00d867c51eeb1286f526"
    }
}
]
